Commodity;System;Port
Aepyornis Egg;47 Ceti;Glushko Station
Aganippe Rush;Aganippe;Julian Market
Alacarakmo Skin Art;Alacarakmo;Weyl Gateway
Albino Quechua Mammoth;Quechua;Crown Ring
Altairian Skin;Altair;Solo Orbiter
Alya Body Soap;Alya;Malaspina Gateway
Anduliga Fire Works;Anduliga;Celsius Estate
Any Na Coffee;Any Na;Libby Orbital
Arouca Conventual Sweets;Arouca;Shipton Orbital
AZ Cancri Formula 42;AZ Cancri;Fisher Station
Azure Milk;Leesti;George Lucas
Baltah Sine Vacuum Krill;BaltahSine;Baltha'Sine Station
Banki Amphibious Leather;Banki;Antonio de Andrade Vista
Bast Snake Gin;Bast;Hart Station
Belalans Ray Leather;Belalans;Boscovich Ring
Borasetani Pathogenetics;Borasetani;Katzenstein Terminal
Burnham Bile Distillate;HIP 59533;Burnham Beacon
CD-75 Kitten Brand Coffee;CD-75 661;Kirk Dock
Centauri Mega Gin;Alpha Centauri;Hutton Orbital
Ceremonial Heike Tea;Heike;Brunel City
Ceti Rabbits;47 Ceti;Kaufmanis Hub
Chameleon Cloth;LDS 883;Smith Reserve
Chateau De Aegaeon;Aegaeon;Schweickart Station
Cherbones Blood Crystals;Cherbones;Chalker Landing
Chi Eridani Marine Paste;Chi Eridani;Steve Masters
Coquim Spongiform Victuals;Coquim;Hirayama Installation
Crom Silver Fesh;Crom;Chorel Survey
Crystalline Spheres;Bento;Snow Moon
Damna Carapaces;Damna;Nemere Market
Delta Phoenicis Palms;Delta Phoenicis;Trading Post
Deuringas Truffles;Deuringas;Shukor Hub
Diso Ma Corn;Diso;Shifnalport
Eden Apples Of Aerial;Aerial;Andrade Legacy
Eleu Thermals;Eleu;Finney Dock
Eranin Pearl Whiskey;Eranin;Azeban City
Eshu Umbrellas;Eshu;Shajn Terminal
Esuseku Caviar;Esuseku;Savinykh Orbital
Ethgreze Tea Buds;Ethgreze;Bloch Station
Fujin Tea;Fujin;Futen Spaceport
Galactic Travel Guides;LHS 3447;Bluford Orbital
Geawen Dance Dust;Geawen;Obruchev Legacy
Gerasian Gueuze Beer;Geras;Yurchikhin Port
Giant Irukama Snails;Irukama;Blaauw City
Giant Verrix;Phiagre;Greeboski's Outpost
Gilya Signature Weapons;Gilya;Bell Orbital
Goman Yaupon Coffee;Goman;Gustav Sporer Port
Haidne Black Brew;Haiden;Searfoss Enterprise
Havasupai Dream Catcher;Havasupai;Lovelace Port
Helvetitj Pearls;Helvetitj;Friend Orbital
HIP 10175 Bush Meat;HIP 10175;Stefanyshyn-Piper Station
HIP 118311 Swarm;HIP 118311;Lubbock Market
HIP Organophosphates;HIP 80364;Stasheff Colony
HIP Proto-Squid;HIP 41181;Andersson Station
Holva Duelling Blades;Holva;Kreutz Orbital
Honesty Pills;LP 375-25;King Gateway
HR 7221 Wheat;HR 7221;Veron City
Indi Bourbon;Epsilon Indi;Mansfield Orbiter
Jaques Quinentian Still;Colonia;Jaques Station
Jaradharre Puzzle Box;Jaradharre;Gohar Station
Jaroua Rice;Jaroua;McCool City
Jotun Mookah;Jotun;Icelock
Kachirigin Filter Leeches;Kachirigin;Nowak Orbital
Kamitra Cigars;Kamitra;Hammel Terminal
Kamorin Historic Weapons;Kamorin;Godwin Vision
Karetii Couture;Karetii;Sinclair Platform
Karsuki Locusts;Karsuki Ti;West Market
Kinago Violins;Kinago;Fozard Ring
Kongga Ale;Kongga;Laplace Ring
Koro Kung Pellets;Korro Kung;Lonchakov Orbital
Lavian Brandy;Lave;Lave Station
Leathery Eggs;Zaonce;Ridley Scott
Leestian Evil Juice;Leesti;George Lucas
Live Hecate Sea Worms;Hecate;RJH1972
LTT Hypersweet;LTT 9360;Smeaton Orbital
Lucan Onion Head;Tanmark;Cassie-L-Peia
Master Chefs;Noti;Weber Gateway
Mechucos High Tea;Mechucos;Brandenstein Port
Medb Starlube;Medb;Vela Dock
Mokojing Beast Feast;Mokojing;Noli Terminal
Momus Bog Spaniel;Momus Reach;Tartarus Point
Motrona Experience Jelly;Dea Motrona;Pinzon Dock
Mukusubii Chitin-Os;Mukusubii;Ledyard Dock
Mulachi Giant Fungus;Mulachi;Clark Terminal
Neritus Berries;Neritus;Toll Ring
Ngadandari Fire Opals;Ngadandari;Napier Terminal
Nguna Modern Antiques;Nguna;Biggle Hub
Njangari Saddles;Njangari;Lee Hub
Non Euclidian Exotanks;LTT 8517;Euclid Terminal
Ochoeng Chillies;Ochoeng;Roddenberry Gateway
Onion Head;Kappa Fornacis;Harvestport
Onionhead Alpha Strain;Xelabara;Navigator Market
Onionhead Beta Strain;HIP 112974;la Cosa City
Ophiuch Exino Artefacts;36 Ophiuchi;Katzenstein Dock
Orrerian Vicious Brew;Orrere;Sharon Lee Free Market
Pantaa Prayer Sticks;George Pantazis;Zamka Platform
Pavonis Ear Grubs;Delta Pavonis;Hooper Relay
Personal Gifts;Njambalba;Frost Dock
Rajukru Multi-Stoves;Rajukru;Snyder Terminal
Rapa Bao Snake Skins;Rapa Bao;Flagg Gateway
Rusani Old Smokey;Rusani;Fernandes Market
Sanuma Decorative Meat;Sanuma;Dunyach Gateway
Shans Charis Orchid;Arque;Baird Gateway
Soontill Relics;Ngurii;Cheranovsky City
Sothis Crystalline Gold;Sothis;Newholm Station
Tanmark Tranquil Tea;Tanmark;Cassie-L-Peia
Tarach Spice;Tarach Tor;Tranquillity
Tauri Chimes;Tarach Tor;Tranquillity
Terra Mater Blood Bores;Terra Mater;GR8Minds
The Hutton Mug;Alpha Centauri;Hutton Orbital
Thrutis Cream;Thrutis;Kingsbury Dock
Tiolce Waste2Paste Units;Tiolce;Gordon Terminal
Toxandji Virocide;Toxandji;Tsunenaga Orbital
Ultra-Compact Processor;17 Lyrae;Langford Enterprise
Uszaian Tree Grub;Uszaa;Guest Installation
Utgaroar Millennial Eggs;Utgaroar;Fort Klarix
Uzumoku Low-G Wings;Uzumoku;Sverdrup Ring
V Herculis Body Rub;V1090 Herculis;Kaku Plant
Vanayequi Ceratomorpha Fur;Vanayequi;Clauss Hub
Vega Slimweed;Vega;Taylor City
Vidavantian Lace;Vidavanta;Lee Mines
Void Extract Coffee;LFT 1421;Ehrlich Orbital
Volkhab Bee Drones;Volkhab;Vernadsky Dock
Waters Of Shintara;Shinrarta Dezhra;Jameson Memorial
Wheemete Wheat Cakes;Wheemete;Eisinga Enterprise
Witchhaul Kobe Beef;Witchhaul;Hornby Terminal
Wolf Fesh;Wolf 1301;Saunders's Dive
Wulpa Hyperbore Systems;Wulpa;Williams Gateway
Wuthielo Ku Froth;Wuthielo Ku;Tarter Dock
Xihe Biomorphic Companions;Xihe;Zhen Dock
Yaso Kondi Leaf;Yaso Kondi;Wheeler Market